	tweet	sub_task_1	sub_task_2	sub_task_3	predictions
133	die  # afd will einen sitz in der  # holocaust - mahnmal - stiftung .  leider hat die  # luegeafd nach ihren einzug in den  # bundestag ein anrecht auf vertretung in diversen aufsichtsgremien  -  auch f√ºr die stiftung  ¬ª denkmal f√ºr die ermordeten  # juden europas¬´ .   # antisemitismus  # noafd  # fckafd	OFFENSE	INSULT	EXPLICIT	EXPLICIT
1556	die bolschewistenhure wird endlich da enden , wo viele geendet haben ! 	OFFENSE	ABUSE	EXPLICIT	EXPLICIT
944	 # eu -  # faschismus  # scootergate s√§mtliche deutsche  # msm wieder mal beim arschlecken des ukrainischen putschregimes	OFFENSE	ABUSE	EXPLICIT	EXPLICIT
610	trump ist tragische figur .  er erkennt den betrug am volk .   | lbr |  aber establishment und presse verhindern aus eigeninteresse sein richtiges handeln	OFFENSE	ABUSE	EXPLICIT	EXPLICIT
274	der islam hat sich in den sechzigern nicht integriert warum geht ihr davon aus dass er sich jetzt integrieren m√∂chte ?  so dumm kann doch kein mensch sein .   | lbr |   # illner	OFFENSE	ABUSE	EXPLICIT	IMPLICIT
1425	 @ steiblbarbara  @ revoluzzer0815 generalstreik w√§re schon lange f√§llig ,  aber mit deutschen schlafm√ºtzen und angsthasen nicht zu machen	OFFENSE	INSULT	EXPLICIT	IMPLICIT
1304	 @ handelsblatt  @ sigmargabriel  @ gaborsteingart lieber von einem scheinheiligen heuchler als nazi oder pack tituliert werden ,  als diese schmarotzer der abgefuckten spd zu w√§hlen . 	OFFENSE	ABUSE	EXPLICIT	EXPLICIT
1161	der dummschw√§tzer herr  # dobrindt geh√∂rt nicht in die  # bundesregierung sondern ins irrenhaus  # cdu  # csu	OFFENSE	INSULT	EXPLICIT	EXPLICIT
1272	 @ rspctfl  @ kischeph  @ volker _ beck ach ja stimmt ,  eure bekloppte religion .  .  . 	OFFENSE	ABUSE	EXPLICIT	EXPLICIT
1210	 @ el _ mocho2  @ stefanolix als deutscher staatsb√ºrger z√§hlt deine meinung nicht . 	OFFENSE	ABUSE	IMPLICIT	EXPLICIT
39	 @ ainyrockstar  @ welt die frauen die nach gesch√§ftsschluss mit √∂ffentlichen verkehrsmitteln nach hause fahren m√ºssen tun mir leid . und wenn man dann durch k√§fertal und viernheim nach weinheim fahren muss hat man das gef√ºhl die rnv f√§hrt durch den kongo . 	OFFENSE	ABUSE	IMPLICIT	IMPLICIT
737	 @ patriarchator die hetze der deutschen l√ºgenpresse ,  medienpack und politiker gegen trump werden noch ein b√∂ses ende haben f√ºr die hetzer !  ! 	OFFENSE	ABUSE	EXPLICIT	EXPLICIT
1635	 @ dennis _ wieland  @ heikomaas von mir aus kann der an seinem geburtstag auch qualvoll verrecken . 	OFFENSE	INSULT	EXPLICIT	EXPLICIT
868	 @ regsprecher jetzt macht der vasall merkel auch noch werbung f√ºr die telekomüòÇüòÇüòÇ	OFFENSE	INSULT	EXPLICIT	EXPLICIT
579	 @ mehmetrte42  @ halilertem67  @ igmetall gew√∂hnen sie sich mal anstand an ,  oder haben sie es gern wenn man sie t√ºrken troll nennt üò°üëé	OFFENSE	ABUSE	EXPLICIT	EXPLICIT
1822	 @ e _ tahirovic bin schwul .  du bef√ºrwortest meine t√∂tung .   | lbr |  wie kann ich deine religion also nicht pervers finden ? 	OFFENSE	ABUSE	EXPLICIT	EXPLICIT
622	 @ china _ welt _ news quatsch !  es gibt keine fachkt√§fte aus dem ausland !  au√üer in kriminellen und vergewaltiger - bereich !  gr√ºne dummheit ! 	OFFENSE	ABUSE	EXPLICIT	EXPLICIT
1657	 @ cdu warum scheisst sich unsere regierung dann ein ,  wenn filipinos ein besuchsvisum m√∂chten .  fast alle werden willk√ºrlich abgelehnt	OFFENSE	INSULT	EXPLICIT	IMPLICIT
1648	 @ 66freedom66  @ hevellia64 ausser andere mit dreck bewerfen kann das schulzm√§nnchen nicht .  kehrt zuerst euren mist weg bevor ihr andere darein zieht .  dreckschleudern	OFFENSE	INSULT	EXPLICIT	EXPLICIT
688	was mir sorge macht ist ,  in den msm erscheint immer h√§ufiger und gaaanz beil√§ufig die meldung sinkender fl√ºchtlingszahlen und die bescheuerte pseudokanzlerin h√§tte ja recht behalten  !   ?  ?  ?  ?  gehts noch ihr l√ºgen - und l√ºckenmedien !  gott was f√ºr ein verlogenes system  ! 	OFFENSE	ABUSE	EXPLICIT	EXPLICIT
1881	 @ fvorwerg  @ krippmarie  @ swagenknecht  | lbr |  genau diese m√§nnl asylanten in den arsch treten und ab nach syrien an die front ,  aber z√ºgig !  ! 	OFFENSE	ABUSE	EXPLICIT	EXPLICIT
405	 @ kirstjeremy bei manchen menschen scheint die gehirnw√§sche durch politik und medien hervorragend geklappt zu haben . 	OFFENSE	INSULT	EXPLICIT	IMPLICIT
1472	das krebsgeschw√ºr ,  das jeden frieden im nahen osten verhindert ,  ist der dem islam inh√§rente herrschaftanspruch √ºber andere kulturen ,  und der dem islam inh√§rente antisemitismus .   | lbr |   # istandwithisrael  | lbr |   # jerusalem	OFFENSE	ABUSE	EXPLICIT	IMPLICIT
298	 @ negohotshlomo  @ frank _ pasemann das grauen hat ein gesicht .  .  . 	OFFENSE	INSULT	EXPLICIT	EXPLICIT
23	liebe  @ tazgezwitscher ,  den niedergang der √∂si - gr√ºnen und diesen herrn pilz will ich von  @ peterunfried erkl√§rt bekommen .  geht da was heute ? 	OFFENSE	INSULT	EXPLICIT	IMPLICIT
950	 @ tagesschau trump ist nicht eingeknickt und schon gar nicht vor diesen dummen politikern ,  l√ºgenpresse und nazimedien in deutschland !  ! 	OFFENSE	ABUSE	EXPLICIT	EXPLICIT
66	 @ kangarooger  @ deadhunt16  @ mpeteraltona  @ udukai2002  @ polizeihamburg weil diese antifantenbrut nicht ihre gesichter zeigt !  solche linksversifften menschen geh√∂ren nicht auf die stra√üe sondern  .  .  .  .   * zensiert *  ! 	OFFENSE	ABUSE	EXPLICIT	EXPLICIT
1662	 @ renatekuenast gr√ºn ist bio und geh√∂rt auf den kompost  !  !  ! 	OFFENSE	ABUSE	EXPLICIT	EXPLICIT
1121	" @ lexie _ m _  oder  "" willkommen in vom asylbewerber ermordete  # maria  # freiburg "" "	OFFENSE	ABUSE	IMPLICIT	EXPLICIT
33	 @ yorck _  ist doch wahr ,  denn dieses dicke etwas bekommt kaum zwei zusammenh√§ngenden s√§tze heraus und von sinnvoll rede ich garnicht erst üòú	OFFENSE	ABUSE	EXPLICIT	IMPLICIT
803	 @ akifpirincci es gibt in deutschland nur eine art von fl√ºchtling und das ist der wirtschaftsfl√º .   !  alle kriegsfl .  sind durch sichere 3tstaat .  gereist ! 	OFFENSE	ABUSE	EXPLICIT	EXPLICIT
1246	 @ trendinaliade unwort des jahrhunderts :  stammw√§hler  | lbr |  jeder der seine stimme einer partei gibt ,  weil er es schon immer so tat ist ein riesenarschloch  !  !  ! 	OFFENSE	INSULT	EXPLICIT	EXPLICIT
300	 @ sirschnee auf die bew√§hrung schei .  .  .  .  .  .  . ss ich ! 	OFFENSE	PROFANITY	EXPLICIT	EXPLICIT
1876	 @ steinbacherika spd verseuchtes nazipack heisst jetzt antifa	OFFENSE	ABUSE	EXPLICIT	EXPLICIT
596	 @ miriamozen  @ martinschulz  .  .  . worauf du einen lassen kannst .  .  .  . ich war gestern dein feind bin es heute und werde es auch in zukunft sein .  .  !   | lbr |  wir brauchen ganz sicher etwas .  .  .  . aber dich nicht .  .  .  !  ! 	OFFENSE	PROFANITY	EXPLICIT	EXPLICIT
569	ich will nen neuen deutschen kaiser	OFFENSE	ABUSE	IMPLICIT	EXPLICIT
458	mach ma weiter so  @ spdbt  @ spdde  # gabriel macht scheinbar alles f√ºr den  # erdogan  .   # fckerdogan  # erdoganthebutcher  # erdoganistderhass	OFFENSE	INSULT	EXPLICIT	EXPLICIT
1733	 @ melideluxe was f√ºr eine geile frau  , bist echt der hammer  .  .  .  .  üòçüòç	OFFENSE	PROFANITY	EXPLICIT	EXPLICIT
418	" @ ernst _ 1895 genau .   und der fl√ºchtlingsnachwuchs wird sich in die immer radikaler werdenden parallelgesellschaften  "" integrieren ""  .  wohin sonst ? "	OFFENSE	ABUSE	IMPLICIT	IMPLICIT
750	in dem schwarz gr√ºn regierden hessen werden jetzt 8 zus√§tzliche psychologen nur f√ºr die jugendlichen invasoren eingestellt  | lbr |  jetzt afd w√§hlen	OFFENSE	ABUSE	EXPLICIT	IMPLICIT
1685	 @ gamergateblogde das geschlecht ,  welches am wenigsten gewalt erf√§hrt ,  m√∂chte mal wieder sonderrechte f√ºr sich . 	OFFENSE	ABUSE	IMPLICIT	IMPLICIT
1311	 @ zeitrafferin  @ alvar _ f was bist du denn f√ºr ne g√∂re ? 	OFFENSE	INSULT	EXPLICIT	EXPLICIT
1012	 @ wochenblickat auf nach deutschland .  .  . die lieben solchen abschaum  | lbr |   .  .  . und geld gibt ‚Äô s auch daf√ºr .  .  . 	OFFENSE	ABUSE	EXPLICIT	EXPLICIT
1577	was ist nur aus dem verfassungsgericht geworden ?  diese voskhule administration tut dem land nicht gut .   # linksrotgr√ºn  # verschwult	OFFENSE	ABUSE	EXPLICIT	EXPLICIT
102	 @ hlnbg  @ arrtrad  @ larswinter _   @ sos _ europe _ sos  @ cdudresden was soll man schon von so einer l√ºgenbande erwarten ?  alles politische schwachk√∂pfe ! 	OFFENSE	ABUSE	EXPLICIT	EXPLICIT
236	 @ hartes _ geld  @ c _ lindner ja das ist das ergebnis wenn blinde auf taube treffen .  .  .  . und das die n√§chsten 4 jahre .  .  . holly shit	OFFENSE	INSULT	EXPLICIT	IMPLICIT
552	gr√ºne onanieren jetzt t√§glich üòú erst konnten sie ihre neue macht kaum fassen u .  jetzt nicht mehr erwarten das schland v√∂llig zu ruinieren ü§¢	OFFENSE	ABUSE	EXPLICIT	EXPLICIT
453	im grunde ist es fast psychopathisch ,  wie trump st√§ndig √ºberpr√ºft wird .  habt ihr s√§cke  | lbr |  auch schon seinen stuhlgang √ºberpr√ºft ? 	OFFENSE	INSULT	EXPLICIT	IMPLICIT
261	wie lange wollt ihr uns eigentlich noch verarschen ?   | lbr |   # illner	OFFENSE	PROFANITY	EXPLICIT	EXPLICIT
893	 @ dimgiulia1 respekt f√ºr diese menschen  .  .  . die sind bestimmt froh das sie ihr nichtsnutziges lumpenpack los sind  | lbr |  die deutschen liebe diesen m√ºll .  .  ! 	OFFENSE	ABUSE	EXPLICIT	EXPLICIT
1409	statt diesen kriminellen  # ausl√§nder noch im fernsehen zu zeigen sollte man ihn lieber rausschmei√üen  @ aktuellestunde  # wdr	OFFENSE	ABUSE	EXPLICIT	EXPLICIT
1081	 @ tankred45  @ alexm7117  @ afdimbundestag hatte y√ºcel am ende doch recht .  .  ?  .  .  . ich bleibe bei meiner aussage :  80 %  der deutsche sind verbl√∂dete schwachsinnige .  .   | lbr |  ihnen ist üá©üá™egal .  .  .  !  ! 	OFFENSE	ABUSE	EXPLICIT	EXPLICIT
338	 @ steinbacherika  @ krippmarie trump wagte es den ersten schritt zu machen .  .  . die hochdotierten unwissenden stopfen sich nur die taschen voll .  .   | lbr |  klima raus aus der politik . 	OFFENSE	INSULT	EXPLICIT	EXPLICIT
787	 @ ard _ bab das zeigt doch wieder einmal welche vollspacken uns regieren !  haupts√§chlich hohlk√∂pfe .  üòÇüòÇüòÇüëéüñï	OFFENSE	INSULT	EXPLICIT	EXPLICIT
977	 @ anna _ iina welt - n24 .  .  .  . wo auch immer die ihre pseudo - historiker ausgraben .  . und zum reden wiederbeleben ,  aber sie tuns .  . üòÇüòÇüòÇ	OFFENSE	INSULT	EXPLICIT	EXPLICIT
997	 @ hovelshorst zumindest halte ich die zwei f√ºr f√§higer als das was uns tats√§chlich regiert .  .  .  .  ! 	OFFENSE	ABUSE	EXPLICIT	EXPLICIT
426	wacht endlich auf ,  denkt an die zukunft eurer kinder .  oder m√∂chtet ihr eure t√∂chter mit kopftuch und mit 12 verheiratet sehen ?   | lbr |  ich nicht ,  darum w√§hle ich afd !   | lbr |   # illner	OFFENSE	ABUSE	IMPLICIT	EXPLICIT
1415	 @ svenstrasen  @ uncleheri  @ mvphone  @ karl _ lauterbach der steinmeier und sein drecksministerium h√§tte meine kleine tochter lieber im dreck verrecken lassen ,  als art .  6 gg zu beachten	OFFENSE	INSULT	EXPLICIT	EXPLICIT
862	die unheilige allianz von islam und linksgr√ºn wird deutschland t√∂ten  !  !  stasi erkannt  ,  gefahr gebannt  !  widerstand  ! 	OFFENSE	ABUSE	EXPLICIT	EXPLICIT
1365	ich wei√ü ,  ich habe das schon mal geschrieben ,  aber :   | lbr |  ich hasse die gr√ºnen .  mit tiefster inbrunst . 	OFFENSE	ABUSE	EXPLICIT	EXPLICIT
735	 @ chip _ online die sind so ‚Äûblau - ‚Äû√§ugig wie unsere altersdemente bundeakanzlerin ! 	OFFENSE	INSULT	EXPLICIT	EXPLICIT
865	 @ weserkurier f√ºr dumm verkaufte und befundene dorfdeppen die auch glauben das heiko maas ein demokrat ist  !  !  land halt , da dauerts ! 	OFFENSE	INSULT	EXPLICIT	EXPLICIT
907	es ist ekelhaft mit anzusehen ,  wie merkel den kirchentag als b√ºhne nutzt ,  um ihre macht zu erhalten ,  um so dtl .  / eu an die wand zu fahren üòú	OFFENSE	INSULT	EXPLICIT	EXPLICIT
1148	wie k√∂nnen sie einem 2 x sitzen gebliebenen nulltipper bei  | lbr |  seiner kanzlerschaftskandidatur helfen ?  wie tief will die sdp  | lbr |  noch sinken ? 	OFFENSE	INSULT	EXPLICIT	IMPLICIT
1650	 @ ricardariefling  | lbr |  die deutschen von heute sowas von feige  , statt gemeinsam gegen dieses pack vor zugehen . 	OFFENSE	ABUSE	EXPLICIT	EXPLICIT
280	 @ anna _ iina  @ alexf1973 wie ?  dieses pack wird doch von der bundesregierung finanziert !  !  das ist merkels privat armee !  hitler hatte auch schl√§ger trupps ! 	OFFENSE	ABUSE	EXPLICIT	EXPLICIT
1202	 @ miatamuc  @ frankyb122  @ mountainman1977  @ martindomig geschundenen von 40 jahre ddr und 27 jahren bundesrepublik	OFFENSE	ABUSE	IMPLICIT	IMPLICIT
1402	 @ jost2018  @ dirkhafermann wo ist den ober - bastard vo√ükuhle ? 	OFFENSE	INSULT	EXPLICIT	EXPLICIT
582	 @ fraulein _ antje  @ blondjedi wer den spektakul√§r dummen b√∂hmermann f√ºr voll nimmt ,  der soll das doch tun  !  ich habe noch hoffnung f√ºr deutschland ,  da kann so ein dummer bengel nichts dran √§ndern nur weil er zu beschr√§nkt im sch√§del ist  ! 	OFFENSE	INSULT	EXPLICIT	EXPLICIT
1120	 @ drdavidberger unsere u - boote und hubschrauber sind eh nicht zu benutzen , und der rest vom heer l√§uft sowieso √ºber  . eine frau als verteidigungsminister wo gib ‚Äô s denn sowas  , das ist so als h√§tte ich eine kuh zum fleischfresser gemacht	OFFENSE	ABUSE	EXPLICIT	IMPLICIT
464	 @ thorodinsondr  @ kacktus2010 solche idioten von moderatoren gibt es in d gleich mehrere !  üòõüñïüëé	OFFENSE	INSULT	EXPLICIT	EXPLICIT
1602	 @ manfredweber  @ csu  # h√ºhnermist  | lbr |  bin ich denn automatisch nazi ,  wenn ich kritisiere ,  dass viele rentner flaschen sammeln ,  w√§hrend sog .  fl√ºchtlinge alles kriegen	OFFENSE	ABUSE	IMPLICIT	IMPLICIT
53	 @ sawsanchebli  @ sawsanchebli  .  .  . sich damit auch noch br√ºsten ist sch√∂n .  .  . d√§mlich .  .  .   | lbr |  wenn man tief genug gr√§bt findet man tats√§chlich immer noch eine d√ºmmere deutsche .  .  . obwohl bei katja an der oberfl√§che kratzen schon ausreicht .  .  .  . üòÉüòÉ	OFFENSE	INSULT	EXPLICIT	EXPLICIT
336	 @ janboehm wieviel wasser ist im kopf von  @ janboehm	OFFENSE	INSULT	IMPLICIT	EXPLICIT
1708	 @ holgerewald1  @ focusonline an jeden ort b√ºrgerwehren .  denn polizei wurde reduziert und nur f√ºr asylanten sch√ºtzen oder demos eingesetzt . 	OFFENSE	ABUSE	IMPLICIT	IMPLICIT
501	" @ georgmeckler ich w√ºnsche mir f√ºr sie ,  dass eine gro√üfamilie aus  "" syrien ""   einzieht .  leider w√§re solch eine kleine ,   schlecht ausgestattete wohnung f√ºr die neuen herrenmenschen keine artgerechte haltung .  .  .  . "	OFFENSE	ABUSE	EXPLICIT	EXPLICIT
905	 @ dushanwegner  @ amadeuantonio  | lbr |  es w√§re sehr sinnvoll die aktionen und verflechtungen der linken antifantenbrut zu pr√ºfen und zu dokumentieren	OFFENSE	ABUSE	EXPLICIT	IMPLICIT
853	 @ mesut _  _ a  @ ntvde  @ ntv soll ich dir alle polizeiberichte t√ºrkischer √ºbelt√§ter hier posten ?  oder welche schlimmen erfahrungen ich selber ,  mit t√ºrken seit 1962 habe ? 	OFFENSE	ABUSE	EXPLICIT	IMPLICIT
450	 @ lc180666  @ realappell eine die ihren hals aus der schlinge ziehen will in dem sie b√ºrgerkrieg in europa anzettelt und einen kontinent dem islam opfert	OFFENSE	ABUSE	EXPLICIT	IMPLICIT
1892	"noch mal zum merken :   | lbr |  es gibt keinen staat  "" pal√§stina ""  ,  es hat niemals einen solchen staat gegeben und wenn es nach mir geht ,  wird es auch niemals einen derartigen staat geben . "	OFFENSE	ABUSE	EXPLICIT	IMPLICIT
765	 @ phoenix _ de  @ csu die 42 .  volksverarsche f√ºrs dumm wahl - ‚Äûvolk ‚Äú 	OFFENSE	ABUSE	EXPLICIT	EXPLICIT
1674	 @ dominik _ krause  @ miatamuc tja ,  wer der nahen osten ins eigene land bestellt ,  bekommt ihn auch . 	OFFENSE	ABUSE	IMPLICIT	IMPLICIT
1232	 @ gruensprecher claudia roth ist eine schande f√ºr deutschland . 	OFFENSE	INSULT	EXPLICIT	EXPLICIT
557	die zins - schergen der eu rauben den sparern milliarden .   | lbr |  und sch√§uble freut sich mit diesen verbrechern . 	OFFENSE	INSULT	EXPLICIT	EXPLICIT
1855	 @ amadeuantonio s√§mtliche t√∂dlichen terroranschl√§ge in europa der letzten jahre auf uns juden waren von muslimischen migranten .    @ schlimmbo2	OFFENSE	ABUSE	EXPLICIT	IMPLICIT
1880	 @ m0rpheouz  @ hausfrau4ever bin ich auch ein lgbt spinner ? 	OFFENSE	INSULT	EXPLICIT	EXPLICIT
1541	 @ konseqliberal  @ die _ gruenen  @ cdu  @ petertauber die ganze gr√ºne bagage w√ºrde hyperventilieren ,  wenn auch nur ein afdler ne israelfahne verbrennen w√ºrde .  und claudia roth w√§re in der nervenklinik vor lauter betroffenheit . 	OFFENSE	ABUSE	EXPLICIT	EXPLICIT
424	bin wieder zu hause in meinem mecklenburg  -  in szczecin meinte man ,  murksel bekam heute die aufmerksamkeit in washington ,  die sie verdient üòú	OFFENSE	INSULT	EXPLICIT	EXPLICIT
248	 @ duhugonotte  @ bzberlin  @ focus _ regional man h√∂rt garnix von j√ºdischen organisationen , wenn wir deutsche was falsches sagen wird in allen gazetten ein aufstand gemacht . 	OFFENSE	ABUSE	IMPLICIT	IMPLICIT
967	 @ oberguru55 so denken linke wirklich .   da sie keine argumente haben f√ºr ihre volksfeindliche politik ,  m√ºssen sie das volk mundtot machen .  deren vorstellung vong  | lbr |   # demokratie	OFFENSE	ABUSE	EXPLICIT	IMPLICIT
1915	wie immer die moderatorin der  @ aktuellestunde mit alter schmoddrigen hose und fettigen haaren  # wdr	OFFENSE	INSULT	EXPLICIT	EXPLICIT
785	gauland ,  rede dich doch nicht mit den aussagen anderer heraus .  damit  | lbr |  wird doch dein dummes rasissmusgelaber nicht entschuldigt . 	OFFENSE	INSULT	EXPLICIT	EXPLICIT
163	 @ sammy _ aus _ cux du meinst zwitter und zwitter ist kein geschlecht sondern eine behinderung die man von geburt aus leider hat	OFFENSE	ABUSE	EXPLICIT	IMPLICIT
965	 @ sm100d eine furchtbare frau .  .  .  . dumm und arrogant  | lbr |  aber so sind alle gr√ºnen .  .  . die kleinsten halten sich am unverzichtbarsten  | lbr |  so sinnlos .  .  .  !  ! 	OFFENSE	ABUSE	EXPLICIT	EXPLICIT
1588	 @ deutschpi asylantenstopp sofort f√ºr die sozialschmarotzer und r√ºckf√ºhrung f√ºr ,  welche noch hier sind !  !  ! 	OFFENSE	ABUSE	EXPLICIT	EXPLICIT
1585	 @ peacecakex nat√ºrlich darfst du das .  du sendest dennoch sexuelle signale aus .  in deinem alter nicht mehr so viele ,  aber dennoch . 	OFFENSE	ABUSE	IMPLICIT	IMPLICIT
801	 @ drbrandner wer so ein bescheuertes gesetz erl√§sst ,  kann nicht mehr richtig im kopf sein .  stammt das vom maas ? 	OFFENSE	INSULT	EXPLICIT	IMPLICIT
349	 @ ralf _ stegner spd .  .  . die bedeutungsloseste partei mit den widerlichsten politikern .  .  .  .  !  !  ! 	OFFENSE	ABUSE	EXPLICIT	EXPLICIT
1680	"wie soll ich sexuelle bel√§stigung ernst nehmen ,  wenn  "" jung und sch√∂n ""  oder  "" s√º√üe maus ""  mittlerweile als sexuelle bel√§stigung gelten ?   | lbr |   # metoo"	OFFENSE	ABUSE	EXPLICIT	IMPLICIT
1554	mit  @ goeringeckardt wird  # jamaika nicht besser als die  # groko sonder schlechter .   # illner	OFFENSE	INSULT	EXPLICIT	EXPLICIT
1703	scheiss merkel und obama  !  !  !  ! 	OFFENSE	INSULT	EXPLICIT	EXPLICIT
1785	da steht man auf ,  und wem sieht man als erstes bei twitter ?  den h√§sslichen junge ,  toller start in den tag ‚ò∫Ô∏è‚ò∫Ô∏è‚ò∫Ô∏è‚ò∫Ô∏è  | lbr |   @ afdw√ºrgt  @ uwe _ junge _ mdl  # noafd	OFFENSE	INSULT	EXPLICIT	EXPLICIT
717	 # fakenews :  jetzt die √ºbliche  # hetze der  # msm - journaille gegen die  # fp√∂ in der  # zib2  # orfsg17	OFFENSE	INSULT	EXPLICIT	EXPLICIT
748	 @ calineczka505 wenn ich die werte polens nicht achten w√ºrde ,  w√§re ich nicht als dolmetscher t√§tig ,  sonder s√§√üe im berliner saustall üòú	OFFENSE	ABUSE	EXPLICIT	IMPLICIT
1440	 @ strack _ c der brunnenvergifterkomplex bei den abgefuckten altparteien nimmt zu .  das gute an der geschichte ist ,  dass es endlich mal einen aus der elite getroffen hat .  h√§tte es oma m√ºller erwischt ,  h√§tte es nicht den hauch von aufmerksamkeit gebracht . 	OFFENSE	ABUSE	EXPLICIT	IMPLICIT
89	und zu dir , h , maas , am fr√ºhen morgen ,  tust du nicht so wie das volk es will ,  so lecke es am arsche  !  ( f . n . g . v . b )  lauf forrest  !  ! 	OFFENSE	INSULT	EXPLICIT	EXPLICIT
506	 @ atze _ atzig  @ ndaktuell  @ carenlay  @ stadtbautzen endlich wurde dem linken anarchisten - pack eine auf die fresse gehauen ! ü§õ	OFFENSE	ABUSE	EXPLICIT	EXPLICIT
203	 @ duhugonotte  @ zdfmoma  # g20 chaoten haben baader - meinhof strukturen  , ihre visagen m√ºssen auf fahndungsplakaten an litfa√üs√§ulen und plakatw√§nden zu sehen sein ! 	OFFENSE	INSULT	EXPLICIT	EXPLICIT
1623	es sind immer wieder diese armseligen pfaffen ! gauck , merkel und konsorten ! 	OFFENSE	ABUSE	EXPLICIT	EXPLICIT
547	 @ marcschriese es gibt auch rentner die darauf angewiesen sind  , die den cent 2 - 3mal umdrehen m√ºssen bevor er ausgegeben wird  , anders ist es mit den asylanten , die haben freie fahrt ! 	OFFENSE	ABUSE	IMPLICIT	IMPLICIT
587	 @ frank _ pasemann das sind die taugenichtse .  .  . die ewig studierenden .  .  .  . da geht nichts brauchbares hervor . 	OFFENSE	INSULT	EXPLICIT	EXPLICIT
1361	 @ weidenkatzl  | lbr |  so ist es .  schwule d√ºrfen ja immer bleiben .  pfui teufel ! 	OFFENSE	ABUSE	EXPLICIT	EXPLICIT
199	jc neubrandenburg entscheidet nach dem motto  & gt ;  nur ein toter deutscher ist ein guter deutscher ,  leistungsverweigerungen verk√ºrzen das lebenüòú	OFFENSE	INSULT	IMPLICIT	EXPLICIT
773	 @ kittypunk7 politik war damals schon scheisse .  .  .  . jetzt ist sie allerdings komplett beschissen .  .  .  .   | lbr |  unsere politikerk√∂pfe ist doch der reinste abfall .  .  .  . 	OFFENSE	ABUSE	EXPLICIT	EXPLICIT
1059	 @ terpentinsusi renate k√ºnast hat ihr buch selbst verfasst ,  es liest sich langweiliger als ein telefonbuch .  .  . 	OFFENSE	INSULT	EXPLICIT	EXPLICIT
884	 @ miriamozen weil er eine linke bazille ist .  .  .  . üòÉ	OFFENSE	ABUSE	EXPLICIT	EXPLICIT
174	 @ steffmann45  @ petpanther0  @ mastermikeg  @ troll _ putin  @ machtjanix23  @ norbinator2403  @ ennof _   @ athinamala  @ nancypeggymandy  @ info2099  @ lifetrend  @ thomasgbauer  @ schmiddiemaik  @ charlie _ silve  @ noherrman  @ willjrosenblatt  @ feldenfrizz  @ nasanasal  @  _ macmike  @ ellibisathide  @ md _ franz gott sind sie bescheuert ,  darf ich sie an meinen follower herrn dr . alessandro meluzzi weitergeben ,  er ist psychater und kriminalist und schreibt zum thema ur - logen und kann ihnen auch den nsu tatort analysieren . 	OFFENSE	INSULT	EXPLICIT	EXPLICIT
573	" # cnnblackmail  .  .  .  achja  .  .  .   & amp ;   "" entsetzt ""  sind nur  # arschl√∂cher ,  die  # trump als  "" todbringenden kometen ""  oder  "" enthauptet ""  toll finden"	OFFENSE	ABUSE	EXPLICIT	EXPLICIT
1646	das so ein kinder fickender  # hurenshon wie  # volkerbeck √ºberhaupt noch im fernsehen auftreten darf ist eine schade f√ºr die ard .   # maischberger	OFFENSE	ABUSE	EXPLICIT	EXPLICIT
1548	liebe freunde , grad hessenschau gesehen . eine propagandaschau der sozis ! 	OFFENSE	ABUSE	EXPLICIT	EXPLICIT
82	 @ heinrich _ krug na klar kriegt der lob von allen seiten .  .  . ist ja ein merkel - blindenhund .   | lbr |  wollt ihr tats√§chliche opfer sehen dann geht auf friedh√∂fe oder sprecht mit den angeh√∂rigen .  .  ! 	OFFENSE	INSULT	IMPLICIT	EXPLICIT
529	 @ ufhoven gutmenschen lieben es ,   mit zitaten aus ganz anderen unvergleichbaren zeiten zu moralisieren .  w√ºrde goethe jetzt durch leipzig wandern ,  w√ºrde er weinen ,  ob der ueberfremdung ,  kulturellen verwahrlosung und all den messer -  √ºberf√§llen	OFFENSE	ABUSE	EXPLICIT	IMPLICIT
6	 @ blauekep  @ poschuetzge  @ lawyerberlin  @ die _ gruenen  @ fdp hubertus .  .  .  . was hab ich mit adolf zu tun ?   | lbr |  und ich erstarre bei beim wort nazi auch nicht in schuldgef√ºhlen wie der rest nur weil ichüá©üá™liebe	OFFENSE	ABUSE	IMPLICIT	EXPLICIT
390	die t√ºrken dringen hier ein und wollen uns ihre art zu leben aufzwingen .  und  | lbr |  beschimpfen unsere entscheidungsunf√§higen weicheier als nazis . 	OFFENSE	ABUSE	EXPLICIT	EXPLICIT
377	 @ anna _ iina h√∂rt das denn nie auf .  .  ?  .  .  . werden wir dieses bis zum bitteren ende ertragen m√ºssen .  .  ?   | lbr |  wieso schicken wir diese elendige subjekte nicht zu ihren familien zur√ºck .  . wieso nicht .  .  ?   | lbr |  familienr√ºckf√ºhrung statt familiennachzug .  .  .  .  .  !  ! 	OFFENSE	ABUSE	EXPLICIT	EXPLICIT
495	 @ dushanwegner das wird nie aufh√∂ren .  .  . die fucking gutmenschen w√ºrden ihr eigenes opfern um diesen v√∂lkerwahn aufrechtzuerhalten	OFFENSE	ABUSE	EXPLICIT	EXPLICIT
44	 @ madameplissee  @ frau _ al3x ja .  da fehlen dir noch 2 .  und die m√ºssen nicht im kreis w .  . retweeten ,  sondern hinausziehen zu den barbaren und ihnen das evangelium predigen .  also z . b zu den mullahs ,  die gerade eine frau steinigen ,  weil ihr kopftuch verrutscht ist . 	OFFENSE	ABUSE	EXPLICIT	IMPLICIT
1156	 @ heuteshow besser einen schwarz arbeiten zu lassen als p√§dophile bastarde in der partei zu dulden ,  wie es in der groko schon mal vorkommt	OFFENSE	ABUSE	EXPLICIT	EXPLICIT
1367	 @ ericcartmensmum was lustig ist ,  da sie ja damit implizit die these der genderisten best√§tigen w√ºrden ,  das geschlecht konstruiert ist ‚ò∫	OFFENSE	INSULT	IMPLICIT	IMPLICIT
731	 @ aotto1968 _ 2  | lbr |  scheinbar haben diese schnarchnasen nichts anderes drauf ,  als fremdes eigentum zu besch√§digen !  üòõüñï	OFFENSE	INSULT	EXPLICIT	EXPLICIT
331	 @ aimanmazyek  @ othmanmoschee  @ zdf hoffentlich wird dieser widerliche kindersch√§nder ausgewiesen .  .  . 	OFFENSE	INSULT	EXPLICIT	EXPLICIT
1254	die sklaven der merkel und der alten sed m√ºssen endlich lernen zu gehorchen . 	OFFENSE	ABUSE	EXPLICIT	EXPLICIT
654	 @ ufhoven die aktuellen sozen sind nicht besser als mittelalterliche feudalherren .  sogar schlimmer .  sie bevorzugen kriminelle aus aller herren l√§nder und kassen den kleinen deutschen mann daf√ºr bluten . 	OFFENSE	ABUSE	EXPLICIT	EXPLICIT
533	 @ info2099  @ mister _ trs die khasarischen rathen werden wahrscheinlich aus ihren l√∂chern getrieben	OFFENSE	ABUSE	EXPLICIT	EXPLICIT
217	 @ welt nur noch geisteskranke politiker in der regierung !  !  es muss ein ende haben !  !  ! 	OFFENSE	INSULT	EXPLICIT	EXPLICIT
848	wenn die briten ernten ,  was sie s√§en ,  m√ºssen sie ihr saatgut an den  | lbr |  grenzen genau √ºberpr√ºfen .  keine giftpflanzen aus dem nahen osten . 	OFFENSE	ABUSE	IMPLICIT	IMPLICIT
1645	 @ rspctfl  @ innenwelttramp  @ nadine _ wickert  @ bruck _ 68  @ ergroovt  @ thomasmichael71  @ houelle _ beck  @ ksemann2  @ drkassandrapari nein ,  du kleidest dich wie eine religi√∂se fanatikerin . 	OFFENSE	ABUSE	EXPLICIT	EXPLICIT
595	" @ florianklenk üòé erfreulich !  g√∂tterd√§mmerung f√ºr kriminelle ,  staatsgef√§hrdende  ""  # ngos ""  und das  # antifa -  # terror - netzwerk  .  .  .  deren heulen und z√§hneklappern ist jetzt schon episch üëç  # tufelixaustria"	OFFENSE	ABUSE	EXPLICIT	EXPLICIT
85	 @ krippmarie  @ jouwatch so sind sie halt .  .  .  . unwissend und unbelehrbar .  .  .  . je weniger ahnung desto lauter ihr geschrei  .  .  !  ! 	OFFENSE	INSULT	EXPLICIT	EXPLICIT
1138	f√ºr merkel steht der deutsche b√ºrger nur im mittelpunkt ,  um ihn von allen seiten in den arsch treten zu k√∂nnen  -  meine ich ! 	OFFENSE	INSULT	EXPLICIT	EXPLICIT
615	 @ lawyerberlin  @ zdf das zdf berichtet was mutti erlaubt .  hat einen sed beigeschmack . 	OFFENSE	ABUSE	IMPLICIT	EXPLICIT
973	 @ drbrandner  @ st3pp3nwqlf hier dr√§ngt sich der verdacht auf ,  das die eltern der beiden geschwister waren . 	OFFENSE	INSULT	IMPLICIT	IMPLICIT
1375	 @ greenclaudia na du alte  .  . l .  feierst von unseren steuergeldern auf der wies ' n  ?  ?  ?  ?   | lbr |  hoffentlich reisst dir einer dein dirnd ' l runter	OFFENSE	ABUSE	EXPLICIT	EXPLICIT
600	die brd  & gt ;  l√§cherliches bildungssystem z√ºchtet wahlschafe ;  spa√ügesellschaft mit brot u .  spielen ;  hausfrauen - bildungs - tv ab 14 : 00 uhr usw üòÇüòÇüòÇ	OFFENSE	ABUSE	EXPLICIT	EXPLICIT
894	in szczecin fragte man mich heute ,  wie lange merkel denn noch ihr t√ºrkisches erdferkel finanzieren und hofieren wolle .  ich musste passen üòÇüòÇüòÇ	OFFENSE	INSULT	EXPLICIT	EXPLICIT
1756	 @ sissyzk b√∂hmermann ist der schlimmste hetzer seit g√∂bbels  # laferlichterluther	OFFENSE	INSULT	EXPLICIT	EXPLICIT
1154	wen interessiert denn die meinung des au√üenminister  @ sigmargabriel der in meinen augen strunzdumm ist  # spd	OFFENSE	INSULT	EXPLICIT	EXPLICIT
1437	 @ bfluche genau deshalb w√§hle immer npd statt euch weicheier ! 	OFFENSE	INSULT	EXPLICIT	EXPLICIT
1789	genau diese leute die  ;  ; unser land kaputt machen  , regieren  '  '  machen sich die taschen voll !  !  ! 	OFFENSE	ABUSE	EXPLICIT	EXPLICIT
1479	wie strunzdumm der moderator des  # morgenmagazin ist merkt man daran ,  dass er glaubt dass hunde reden k√∂nnten  # moma  # ard	OFFENSE	INSULT	EXPLICIT	EXPLICIT
375	"ach ja ,  es gibt schwachk√∂pfe ,  wie den hier :   @ reiserobby ,  die  "" listen ""  unter  "" nazifreunde ""  ,  weil sie zu beurteilungen zu d√§mlich sind üòú"	OFFENSE	INSULT	EXPLICIT	EXPLICIT
723	 @ andreasriegerar  @ tagesschau weil ihr nur dar√ºber berichtet was merkel euch erlaubt !  diese aussage kommt aus euren eigen reihen !  !  !  das gab es zu hitlers zeiten schonmal ! 	OFFENSE	ABUSE	EXPLICIT	EXPLICIT
1299	 @ frauschmauke  @  _ stultamundi √ºblicherweise werden ehen von frauen gewollt .  es entspricht ihrem bed√ºrfnis nach romantik und versorgung . 	OFFENSE	ABUSE	IMPLICIT	IMPLICIT
354	 @ strangelove666  @ epanastatis04 soll keiner mitbekommen wie merkel ihre bonuszahlungen von der autoindustrie erh√§lt !  !  ! 	OFFENSE	INSULT	IMPLICIT	EXPLICIT
940	 @ 66freedom66 schade das wir soviele dumme dumme deutsche menschen haben ,  wer jetzt auf emp√∂rt macht dem k√∂nnte ich glatt .  .  .  .   | lbr |  kotzgr√ºne arschl√∂cher ihr !  ! 	OFFENSE	ABUSE	EXPLICIT	EXPLICIT
1784	die  # spd ist in meinen augen ab sofort schleimer und arschkriecher der nation	OFFENSE	INSULT	EXPLICIT	EXPLICIT
1072	" @ steinhoefel √§hhh ,  rigaer strasse ? oder auch kriminalit√§tsbelasteter ort  ? oder auch ort mit h√§ufung politisch motivierter straftaten  ( von ausschlie√ülich links )  ? oder  "" erlebnisbereich moslemischer lebensfreude frei nach mazyek !  ? oder platz der sexuellen hoffnung von katrin dagmar g√∂ring - eckardt"	OFFENSE	ABUSE	EXPLICIT	EXPLICIT
1002	 @ sternde der stern wieder .  was ist mit drogen missbrauch bei den gr√ºnen .  volker beck nur ein beispjel .  nie verurteilt heute im bundestag	OFFENSE	ABUSE	IMPLICIT	EXPLICIT
1195	 @ libelle2000r  @ mundaufmachen  @ volker _ beck  @ amnesty  @ amnesty _ de nat√ºrlich nur f√ºr bolschewisten und schwule ! 	OFFENSE	ABUSE	EXPLICIT	EXPLICIT
560	 @ wolflotter  @ fdp ist doch alles f√§kal - egal ,  hauptsache die ungelernten wie c . r .  oder k . g . e .  oder der migrationspatriot c . √∂zdedingens ziehen eine lange fresse .  das die √∂ . r . medien plus die l√ºgenpresse so berichten wie sie es tun ,  war doch absehbar !  das schon seit jahren  ! 	OFFENSE	ABUSE	EXPLICIT	EXPLICIT
1190	ekelhaft claudia roth wieder im fernsehen sehen zu m√ºssen  # bundestag	OFFENSE	INSULT	EXPLICIT	EXPLICIT
1773	 @ hapatamast  @ mischa0815  | lbr |  so siehts in wahrheit aus .  aller abschaum kommt nach d ohne pa√ü keine akte . 	OFFENSE	ABUSE	EXPLICIT	EXPLICIT
542	 @ zeitonline  @ umwelthilfe in den usa w√§ren diese verbrecher schon l√§ngst im knast !  unter der f√ºhrung merkel gibt es bonuszahlungen !  auch f√ºr merkel !  !  ! 	OFFENSE	INSULT	EXPLICIT	EXPLICIT
1741	 @ jim _ beau _ 27  | lbr |  bald alltag ,  bei dem asylantenwahsinn ! 	OFFENSE	ABUSE	EXPLICIT	EXPLICIT
348	ihr gr√ºnen - w√ºrstel ,  haltet euch raus aus dingen ,  von denen ihr  | lbr |  nichts versteht .  geht fahrr√§der putzen ,  anstatt √ºber die nato  | lbr |  zu reden . 	OFFENSE	INSULT	EXPLICIT	EXPLICIT
1177	 @ ohnekonsequenz  @ bonkekolja so siehst aus .  kuscheljutiz f√ºr asylantenpack . 	OFFENSE	ABUSE	EXPLICIT	IMPLICIT
1495	ich glaube kaum dass die neuen autos auf die stimme von  # yvonne  # willicks reagieren diese ger√§t haben auch ihren stolz  # servicezeit  # wdr	OFFENSE	INSULT	IMPLICIT	EXPLICIT
720	 @ acichowicz auch ein merkel vasall der das sagen muss was diese volksverr√§terin vorgibt !  !  !  l√ºgenpresse !  !  ! 	OFFENSE	ABUSE	EXPLICIT	EXPLICIT
1514	 @ tagesschau  @ hubertus _ heil was der kandidat der scheinheilgsten partei deutschlands so alles verspricht .  wer ist denn teil der regierung ?   # fuckthegroko	OFFENSE	INSULT	EXPLICIT	EXPLICIT
334	 @ ndaktuell typisch , demokraten werden ausgewiesen und der mob von nafris darf bleiben ! armes europa . 	OFFENSE	ABUSE	EXPLICIT	EXPLICIT
1404	 @ umbilicussuevia  @ larswinter _   | lbr |  genau die l√ºgenpresse betreibt volksverdummung  . 	OFFENSE	ABUSE	EXPLICIT	EXPLICIT
376	 @ afd _ support f√ºr den zensierten scheiss auch noch mehr bezahlen ?  so eine unversch√§mtheit . freie senderwahl ich bezahl nur die sender die ich sehen will . 	OFFENSE	PROFANITY	EXPLICIT	EXPLICIT
1661	 @ lawyerberlin  @ polizeiberlin  @ afdberlin unglaublich ,  jetzt r√ºsten diese bastarde auch noch diese dreckigen sozialschmarotzer und dreckskanacken auf . 	OFFENSE	ABUSE	EXPLICIT	EXPLICIT
1721	die ganze bande der ostk√ºste hat sich wohl abgesetzt . 	OFFENSE	ABUSE	EXPLICIT	EXPLICIT
525	 @ zdf  @ frontal21 es m√ºsste straf antr√§ge gegen die verantwortlichen beim verfassungsschutz hagel .  jeder kann das tun .  und gegen merkel ein strafantrag wegen indirekter unterst√ºtzung einer terroristischen vereinigung .  gibt es hier anw√§lte die noch eier in der hose haben ? 	OFFENSE	INSULT	EXPLICIT	IMPLICIT
393	 @ lc180666  @ jouwatch vielleicht sollte man den idioten mal zeigen ,  wo der frosch die locken hat . 	OFFENSE	INSULT	EXPLICIT	IMPLICIT
679	 @ kuerekdanyal  @ dortmund _ 24 das w√ºrde den selbsthass erkl√§ren .  und ferner  .  .  .  nicht wenige moslems tun alles daf√ºr ,  damit man sie nicht mag . 	OFFENSE	ABUSE	EXPLICIT	IMPLICIT
430	 @ ossimarzahn es gibt so unendlich viele vollspacken ,  da hilft kein arzt mehr !  üòâüëé	OFFENSE	PROFANITY	EXPLICIT	EXPLICIT
1454	 @ steinbacherika dieser pfaffe erinnert mich an das ganze p√§dophile gesindel	OFFENSE	ABUSE	EXPLICIT	EXPLICIT
479	warum soll die nat√ºrliche selektion in afrika bek√§mpft werden ?  zu  | lbr |  viele menschen haben eben nicht genug zu essen .  geburtenkontrolle ! 	OFFENSE	ABUSE	IMPLICIT	IMPLICIT
588	 @ sirschnee  @ fffrauki  @ martinschulz  .  . regt euch nicht auf .  .  . leberzirrhosen im endstadium .  .   | lbr |  schulz bleibt nicht unser problem .  .  .  .  ! 	OFFENSE	INSULT	IMPLICIT	EXPLICIT
1918	 @ steinbacherika ich finde afd w√§hler besser als fettige hasenscharten ,  die auf kosten aller permanent am schmarotzen sind . 	OFFENSE	INSULT	EXPLICIT	EXPLICIT
621	 @ reconquista979  @ atadic13  @ sawsanchebli  @ faz _ donalphonso sawsan sollte nicht unbedingt schreiben .  .  . weil es zu verwirrungen f√ºhren k√∂nnte und weil ihr analphabeten - fanclub es eh nicht entziffern kann .  .  . 	OFFENSE	ABUSE	EXPLICIT	IMPLICIT
1386	 @ bonkekolja  | lbr |  was w√§re damals blo√ü bei adi mit dem passiert ? 	OFFENSE	ABUSE	IMPLICIT	IMPLICIT
1242	 @ rspctfl  @ innenwelttramp  @ nadine _ wickert  @ bruck _ 68  @ ergroovt  @ thomasmichael71  @ houelle _ beck  @ ksemann2  @ drkassandrapari der is sind muslime .  angef√ºhrt von einem korangelehrten .  nichts was der is tut ,  ist gegen koran oder hadithe . 	OFFENSE	ABUSE	IMPLICIT	EXPLICIT
730	koalitionsverhandlungen um merkel sind f√ºr mich ein widerliches schauspiel von schwachmaten  & gt ;  ein gerangel um posten f√ºr bilddungsb√ºrger ü§¢	OFFENSE	INSULT	EXPLICIT	EXPLICIT
22	 @ anna _ iina  @ tagesspiegel den kleber sollten sie nicht anzeigen sondern  * zensiert *  ! 	OFFENSE	ABUSE	EXPLICIT	EXPLICIT
1850	 @ rspctfl  @ achtpanther  @ kischeph  @ volker _ beck muslime haben genug platz woanders .  die m√ºssen sich nicht √ºberall ausbreiten . 	OFFENSE	ABUSE	EXPLICIT	IMPLICIT
65	irgend ein idiot hat sich √ºber die ‚Äûfeuerzangenbowle ‚Äû aufgeregt weil dieser film w√§hrend der nazizeit gedreht wurde . was .  ist mit den bestsellers wie ‚Äûemil und die detektive ‚Äû p√ºnktchen und anton ‚Äûoder ‚Äûdas fliegende klassenzimmer ‚Äûvon erich k√§stner . 	OFFENSE	PROFANITY	EXPLICIT	EXPLICIT
364	scheiss - klimasch√ºtzer .  f√ºr geschwindigkeitsbeschr√§nkung ,  aber  | lbr |  die flieger und die kreuzfahrtschiffe blasen weiter die umwelt voll . 	OFFENSE	INSULT	EXPLICIT	EXPLICIT
1255	 @ konseqliberal muss cool sein .  so ne stadt ganz ohne kopft√ºcher . 	OFFENSE	ABUSE	IMPLICIT	IMPLICIT
1715	" @ koberind selber schuld .  die h√§ttest halt deinen pass wegwerfen und dich als  "" fl√ºchtling ""  ausgeben sollen . "	OFFENSE	ABUSE	EXPLICIT	EXPLICIT
1518	 @ simulacron2  @ stefanolix  @ zdf die kopftuchdichte nimmt in meinem viertel jedenfalls seit jahren kontinuierlich zu . 	OFFENSE	ABUSE	IMPLICIT	IMPLICIT
353	 .  .  . wie s√º√ü und entgegenkommend .  .  . das ausw√§rtige amt nimmt terminw√ºnsche f√ºr den  # familiennachzug an .   | lbr |  vielleicht holt man die angeh√∂rigen auch einfach per shuttleservice direkt aus dem herkunftsland ab .   | lbr |  kannste dir nicht ausdenken .   | lbr |   # n24	OFFENSE	ABUSE	IMPLICIT	IMPLICIT
608	verdammt nochmal ,  ihr italiener ,  seht ihr denn nicht ,  wer da √ºber  | lbr |  das meer kommt ?  das sind doch keine fl√ºchtlinge ,  das sind invasoren	OFFENSE	ABUSE	EXPLICIT	IMPLICIT
242	f√ºr mich sitzen d .  populisten in d .  cdu , die mit ihren einfachen l√∂sungen ein ganzes land verraten , verkaufen u .  d .  b√ºrger vors√§tzlich bel√ºgen	OFFENSE	INSULT	EXPLICIT	EXPLICIT
576	 @ duhugonotte  @ bzberlin  @ focus _ regional man h√∂rt noch nicht einmal einen judenfurzüí®	OFFENSE	ABUSE	EXPLICIT	IMPLICIT
1903	 # kanzleramtsminister  # altmaier schwitzt wie ein schwein in den  # tagesthemen  # cdu	OFFENSE	INSULT	EXPLICIT	EXPLICIT
1591	man muss diesen aussatz t√§glich anprangern !  t√§glich ! 	OFFENSE	ABUSE	EXPLICIT	EXPLICIT
537	 @ engbuldog  @ steinbacherika schaukel als kind zu nah an der wand gestanden ?  ?  ? 	OFFENSE	INSULT	IMPLICIT	IMPLICIT
1115	 @ china _ welt _ news eine zus√§tzliche folge der islamischen masseneinwanderung ,  gesteuert von merkel und den gr√ºnen dummk√∂pfen ! 	OFFENSE	ABUSE	EXPLICIT	EXPLICIT
1008	 @ beutebadener  @ leggaknoppers  @ kotzenderstern  @ destatis es geht nich um die herkunft sondern um den bev√∂lkerungsaustausch	OFFENSE	ABUSE	EXPLICIT	IMPLICIT
786	 @ rechtsanwaeldin  @ welt diese ‚Äûbrd privatrichterin ‚Äú  m√ºsste sofort zwangseingewiesen werden	OFFENSE	INSULT	EXPLICIT	IMPLICIT
415	 @ lawyerberlin vielleicht sollte mal jemand der deutschland hassenden partei b 90 die gr√ºnen erkl√§ren was subsidaerer schutz bedeutet .  ich f√ºhre doch keine menschen zusammen die dieses land absehbar wieder verlassen m√ºssen .  wer soll diesen irrsinn den bezahlen ?  die gr√ºnen etwa . 	OFFENSE	INSULT	EXPLICIT	EXPLICIT
1593	die widerliche eunuchenstimme von  @ heikowasser ist einfach nur ekelhaft  # rtl  # formel 1 da schalte ich lieber auf orf	OFFENSE	INSULT	EXPLICIT	EXPLICIT
1738	 @ welt  @ joemino elektrojude eben  , nach axel stoll . 	OFFENSE	ABUSE	EXPLICIT	EXPLICIT
98	 @ anna _ iina diese nichtsn√ºtzigen analphabeten will syrien nicht zur√ºck .  .  . die sind froh das deutschland sie nicht mehr hergibt .  .  .  ! 	OFFENSE	ABUSE	EXPLICIT	EXPLICIT
1396	 @ tech12358  @ noherrman la√üt doch verdammt noch mal das ns regime aus dem spiel .  es war damals viel besser f√ºr das volk als ihr euch vorstelle	OFFENSE	ABUSE	EXPLICIT	EXPLICIT
1825	dieser volker beck ist eine gefahr f√ºr deutschland !  gut das er nicht mehr im bundestag sitzt .   .  .  .  .  # maischberger	OFFENSE	INSULT	EXPLICIT	EXPLICIT
983	 @ ernst _ 1895  @ ndrstrapp in solchen situationen zeigt sich echtes herz  ( empathie )   und charakter  ( hilfe ,  die nicht in der zeitung steht )  im gegensatz zu heuchlerischem gutmenschentum	OFFENSE	INSULT	EXPLICIT	IMPLICIT
358	 @ welt schade ich dachte wir w√§ren den fra√ü endlich los ,  und es g√§be endlich wieder mehr imbiss buden mit schnitzel currywurst usw .  fr√ºher gab es das alles heute alle 10meter ne muselmanen bude die den dreck verkauft . 	OFFENSE	ABUSE	EXPLICIT	EXPLICIT
1549	 @ krippmarie  | lbr |  die linke geh√∂rt verboten ,  nicht die npd . 	OFFENSE	ABUSE	EXPLICIT	EXPLICIT
850	 @ regsprecher der hat und brauchte nicht solche l√ºgen und m√§rchen den b√ºrgern zu verklickern ,  wie sie herr seibert !  aber es gibt eben leute ,  die f√ºr geld alles labern ! 	OFFENSE	INSULT	EXPLICIT	EXPLICIT
1763	 @ miro _ spd ach du scheisse .  was f√ºr eine heuchelei unter zwei scheinheiligen . 	OFFENSE	INSULT	EXPLICIT	EXPLICIT
1868	wenn islamkritiker zensiert werden und √ºber muslimische feiertage debattiert wird ,  wei√ü man ,  was die zukunft bringt . 	OFFENSE	ABUSE	EXPLICIT	IMPLICIT
1867	 @ mariobuchinger  @ schneider91ms  @ tevsa  @ tagesschau gleichberechtigung der frau ist bereits lange erreicht .  individuelle lebensweg sind teil der freiheit . 	OFFENSE	ABUSE	EXPLICIT	IMPLICIT
1913	geht zu jedem infostand und lacht die sklaven aus . ist nicht verboten . 	OFFENSE	ABUSE	EXPLICIT	EXPLICIT
574	 @ christ _ rose _ ddb  @ youtube die masse versteht das nicht ,  sie sind so dumm gehalten das ann√§hernd jede hilfe zu sp√§t kommt	OFFENSE	ABUSE	EXPLICIT	IMPLICIT
1071	 @ muhammedkani  @ tagesschau keine kurde kann is und t√ºrken barbarei verteidigen . 	OFFENSE	ABUSE	EXPLICIT	EXPLICIT
727	es kotzt mich an und bringt mich selbst zum kotzen ,  wenn √∂zdemir ,  oder wie immer der geschrieben wird ,  von patriotismus redet oder sich √ºber demokratie ausl√§√üt ! 	OFFENSE	ABUSE	EXPLICIT	EXPLICIT
278	ntv ist genau wie ard und zdf rot gr√ºn versifft anstatt afd politiker zu wort kommen lassen werden unaufh√∂rlich linke u gr√ºne zitiert  | lbr |  afd	OFFENSE	ABUSE	EXPLICIT	EXPLICIT
514	in deutschland gilt derjenige ,  der auf probleme hinweist ,  als viel gef√§hrlicher ,  als derjenige ,  der die probleme verursacht .  es m√ºssen wohl noch viele kinder erstochen ,  homosexuelle gejagt  & amp ;  frauen auf bestialische art  & amp ;  weise vergewaltigt werden ,  bis die politik aufwacht ! 	OFFENSE	ABUSE	IMPLICIT	EXPLICIT
1792	 # dobrindt versucht seine inkompetenz durch provokationen zu verschleiern .   # csu  # groko  # nogroko	OFFENSE	INSULT	EXPLICIT	EXPLICIT
1686	 @ helgethiessen  @ stefanolix  @ bruck _ 68 er soll als m√§rtyrer im kampf gegen den rechtsextremismus und f√ºr die islamische republik deutschland instrumentalisiert werden .  nur darum geht ' s ‚ò∫	OFFENSE	ABUSE	EXPLICIT	IMPLICIT
1010	 @ gagaberlin  @ artepmobil  @ focusonline auch ein beg√ºnstigter scherge des systems	OFFENSE	INSULT	EXPLICIT	IMPLICIT
648	" @ egorepair erinnerst du dich an den rosenheimerplatz ,  messerattacke und so ?  im oktober ? ich bin heut noch felsenfest davon √ºberzeugt , dass der t√§ter auch so  "" gef√§rbt ""  deutsch war . was hat die polizei m√ºnchen da triumphiert . "	OFFENSE	ABUSE	IMPLICIT	EXPLICIT
1533	 @ flyingtomoon  @ mortimer _ niels  @ deintherapeut doch .  ich akzeptiere den fakt ,  dass gender studies eine ausgeburt des feminismus sind ,  ideologischer mumpitz ohne falsifizierbarkeit ,  mit dem anspruch die gesellschaft nicht zu erforschen ,  sondern zu √§ndern . 	OFFENSE	INSULT	EXPLICIT	IMPLICIT
363	 @ arasbacho  @ dushanwegner eine dumme labertasche dieser  @ arasbacho  .  .  . 	OFFENSE	INSULT	EXPLICIT	EXPLICIT
875	 @ joerg _ meuthen opfer im interesse der eigenen fragw√ºrdigen ziele verh√∂hnen zu lassen sind bewusster politik - stil merkels ,  ein kranker geistüòú	OFFENSE	INSULT	EXPLICIT	EXPLICIT
1854	 @ joeygerlach und deutsche m√§nner sollen wichsen oder schwul werden .  zum kotzen . üí©	OFFENSE	ABUSE	EXPLICIT	EXPLICIT
323	 @ paeulchen das war und ist sie tats√§chlich in ihrem gr√∂√üenwahn ,  denn f√ºr macht verriet sie bereits einen staat und wird es wieder tun  ( wollen )  üòú	OFFENSE	INSULT	EXPLICIT	IMPLICIT
768	 @ cerberus456  @ godcoder  @ schinkel _ ib  @ jkasek  @ luna _ le stimmt ,  echt ungebildet und kreativlos die ungewaschenen seifehasser ! 	OFFENSE	INSULT	EXPLICIT	EXPLICIT
612	 @ duhugonotte das pflaster m√ºsste √ºber sein dummes maul reichen , üò∑	OFFENSE	INSULT	EXPLICIT	EXPLICIT
792	 @ realappell  @ giki56534206 das ist der gr√∂√üte bayrische depp .  .  .  . das sie den nicht davonjagen .  .  .  ? 	OFFENSE	INSULT	EXPLICIT	EXPLICIT
344	einheimische hassen ihr eigenes volk und w√ºrden alles f√ºr fremde tun das gibt es nur in deutschland	OFFENSE	ABUSE	EXPLICIT	IMPLICIT
1150	 @ glasenapphenrik zu merkel f√§llt mir nur ein ,  ein mal verr√§terin ,  immer verr√§terin  -  selbstverliebt und immer des eigenen vorteils bedacht ü§¢	OFFENSE	INSULT	EXPLICIT	EXPLICIT
1872	mit andrea  # nahles f√ºr die  # spd endg√ºltig untergehen	OFFENSE	INSULT	EXPLICIT	EXPLICIT
961	 @ miriamozen ich w√ºrde gr√ºne mit einem geschw√ºr am arsch der welt bezeichnen .  ist aber meine pers√∂nliche meinung .  ein geschw√ºr kann einen k√∂rper zerst√∂ren oder ein ganzes land . 	OFFENSE	ABUSE	EXPLICIT	EXPLICIT
1110	ja ,  die bundestagswahl ist schon so gut wie gelaufen .  immer mehr b√ºrger erkennen ,   | lbr |  dass der zweimal sitzen gebliebene schulz eine null ist . 	OFFENSE	INSULT	EXPLICIT	IMPLICIT
460	 @ kokolores20 zum heulen und zum in die fresse hauen .  .  .  .  . 	OFFENSE	ABUSE	EXPLICIT	EXPLICIT
1742	 @ peteraltmaier  @ besser _ deniz ich scheisse auf den y√ºcel ,  solange die deutsche botschaft in manila vor menschenverachtung strotzt  !  !  ! 	OFFENSE	INSULT	EXPLICIT	EXPLICIT
1248	 @ feepatzer  @ mutexdeadlock jaja .  tr√§um weiter cinderella  :  ) 	OFFENSE	ABUSE	IMPLICIT	EXPLICIT
1050	schulz ,  spar dir dein dummes gelaber .  es geht nicht um verteilung ,  sondern um  | lbr |  r√ºckf√ºhrung ,  verdammt nochmal .  es sind invasoren ohne rechte . 	OFFENSE	ABUSE	EXPLICIT	EXPLICIT
431	jetzt wird deutschland √ºberschwemmt werden aber die idioten wollten es ja nicht anders . 	OFFENSE	ABUSE	EXPLICIT	IMPLICIT
896	 @ krahmax  @ afd _ hd ein imam liest aus dem koran  , eine hetzerreligion gegen christen , bei der breitscheidplatz - gedenkfeier . was f√ºr ein hohn !  !  !  !  !  !  ! 	OFFENSE	ABUSE	EXPLICIT	EXPLICIT
1710	 @ schneeridara  @ miatamuc  @ kittypunk7 √ºberall wo muslime eingewandert sind ,  ist genau das passiert .  juden dagegen haben sich immer assimiliert . 	OFFENSE	ABUSE	IMPLICIT	IMPLICIT
637	au√üerdem esse ich diesen moslemdreck eh schon jahre nicht mehr ,  da ich nach iserlohn ,  in den 90ern ,  wo sperma der d√∂nerbudenbesitzer in der knoblauchsauce ,  gefunden wurde  ! seitdem traue ich den moslems alles zu  ! schei√ü auf d√∂ner  ! 	OFFENSE	ABUSE	EXPLICIT	EXPLICIT
927	 @ routeandswitch1 √ºber 87 %  der deutschen w√§hler die eine altpartei w√§hlten ,  sind f√ºr mich strohdumm !  !  ! 	OFFENSE	ABUSE	EXPLICIT	EXPLICIT
1149	das deutsche kaiserreich soll wieder auferstehen	OFFENSE	ABUSE	IMPLICIT	EXPLICIT
327	 @ tagesschau der ablauf in der von merkels vasallen gef√ºhrten sendung wurde vonnmerkel vorgegeben und die fragen auch !  wessen brot ich esse dessen lied . 	OFFENSE	ABUSE	EXPLICIT	EXPLICIT
88	irgendwie verst√§ndlich da√ü berlusconi diesen  # schulz mit einem kz - aufseher verglich . 	OFFENSE	INSULT	IMPLICIT	EXPLICIT
136	 @ hartes _ geld irgendwie beruhigend das es woanders noch schwachsinnigere politik gibt als bei den deutschen .  .  . 	OFFENSE	INSULT	EXPLICIT	EXPLICIT
887	 @ lexie _ m _   @ ingofunke merkel ein nazi .  .  ?   | lbr |  afd ist im bundestag  .  . das beste was passieren konnte .  .  . und das war erst der anfang .  .  !   | lbr |  allerdings bezweifle ich das das verseuchte deutschland jemals wieder bereinigt werden kann . 	OFFENSE	ABUSE	EXPLICIT	EXPLICIT
445	 @ kokolores100 dummheit hat einen namen !  seehofer !  !  !  ! 	OFFENSE	INSULT	EXPLICIT	EXPLICIT
845	 @ heinrich _ krug  @ krippmarie sorry aber das ist schon gruselig wie merkel aussieht .  .  .  . irgendwie passt die optisch besser zu den afghanen oder syrern üò°üò°	OFFENSE	ABUSE	EXPLICIT	EXPLICIT
1124	 @ duhugonotte wer will ein hering so dumm wie die g√∂ringü§Ø	OFFENSE	INSULT	EXPLICIT	EXPLICIT
1243	in ihrem heimatland schei√üen sich die  # fl√ºchtlinge in die hose und hier in deutschland lassen sie die sau raus  @ aktuellestunde  # wdr	OFFENSE	ABUSE	EXPLICIT	EXPLICIT
1707	 @ verlierer50 raus mit dem ganzen pack in das land ihrerer v√§ter oder bei pa√üverschwinden auf hotspo in afrika  ( kz √§hnlich ) 	OFFENSE	ABUSE	EXPLICIT	IMPLICIT
1347	 @ weidenkatzl genau volksfeinde sind die komministen , zecken , antifa . 	OFFENSE	ABUSE	EXPLICIT	EXPLICIT
91	seit wenigen stunden zur√ºck in deutschland ,  was f√ºr eine l√§cherliche ,  manipulierte und verlogene parteienlandschaft um murksels thron . 	OFFENSE	INSULT	EXPLICIT	EXPLICIT
1717	 @ theborisbecker ist keine marke sondern ein  # pleitegeier und  # dummschw√§tzer f√ºr niemanden mehr interessant und f√ºr die abstellkammer zu alt	OFFENSE	INSULT	EXPLICIT	EXPLICIT
697	 @ juergen _ fritz solche aussagen kommen zurecht ,  wenn man tr√§ger einer gehirn prothese ist . 	OFFENSE	INSULT	EXPLICIT	IMPLICIT
1346	 @ d _  _ iliev  @ miro _ spd ich scheisse auf die abgefuckte spd .  schmarotzer ,  p√§dophile und denunzianten  !  !  ! 	OFFENSE	ABUSE	EXPLICIT	EXPLICIT
707	 @ krippmarie  @ jensspahn  .  . da versucht ein weiterer √ºberfl√ºssiger sich vorzudr√§ngeln  .  .  ?  .  . üòÇüòÇ	OFFENSE	INSULT	EXPLICIT	IMPLICIT
1103	"von 409 eur harziv entfallen 1 , 55 eur auf die  "" brd - bild - dung ""   & gt ;  so sehen die erfolge merkels f√ºr ca .  8 mio in diesem schei√ü - schland aus .  üòú"	OFFENSE	PROFANITY	EXPLICIT	EXPLICIT
1206	 @ realdonaldtrump mrtrump sie waren mir mal sympathisch mit ihrer aussage das sie die merkel loben da haben sie jetzt bei mir verschissen	OFFENSE	PROFANITY	EXPLICIT	IMPLICIT
1465	 @ e _ tahirovic stimmt .  lies lieber den koran .  da findest du genug unsinn . 	OFFENSE	ABUSE	EXPLICIT	EXPLICIT
1224	√ºberhaupt keine afrikaner nach d .  wie vor 1945 wo die d noch d war . 	OFFENSE	ABUSE	EXPLICIT	EXPLICIT
836	" @ riedegost  "" hoch legt an  .  .  .  feuer !  "" "	OFFENSE	ABUSE	IMPLICIT	EXPLICIT
120	europ√§er begreifen langsam dass sie durch  # eu allen voran  # merkel  # juncker nur belogen und betrogen und ausgenommen werden .   | lbr |   # katalonien	OFFENSE	ABUSE	EXPLICIT	EXPLICIT
167	 @ gtzfrmming  @ afd _ hd im europ√§ischen parlament sitzen eh nur gescheiterte landespolitiker , die kommen dann aus langeweile auf so üêñdumme ideen ! 	OFFENSE	INSULT	EXPLICIT	EXPLICIT
1461	diese verbrecher wollen deutschland vernichten ! vernichten wir sie ! 	OFFENSE	ABUSE	EXPLICIT	EXPLICIT
957	 @ md _ franz  @ krippmarie die liste der dummen ist enorm .  .  .  . aber warum geh√∂ren die meisten der gr√ºnen partei an .  .  ?  ? 	OFFENSE	ABUSE	EXPLICIT	EXPLICIT
755	 @ china _ welt _ news eine stasi - visage kann nicht freundlich sein !  !  !  üò¨	OFFENSE	INSULT	EXPLICIT	EXPLICIT
1770	niki  # lauda ist in meinen augen so bl√∂d dass er stinkt er meint er braucht sich an keine regeln zu halten  # mercedes  # formel1	OFFENSE	INSULT	EXPLICIT	EXPLICIT
1864	also freunde , machen wir die sklaven √∂ffentlich l√§cherlich . 	OFFENSE	ABUSE	EXPLICIT	EXPLICIT
1291	mal ehrlich :  wer denkt bei pforzheim nicht an furzheim ? 	OFFENSE	INSULT	EXPLICIT	EXPLICIT
791	 @ jekra70 die sind doch alle schon gehirnverseucht ! 	OFFENSE	INSULT	EXPLICIT	EXPLICIT
975	 @ vancullo fischer war ein bolschewik ,  ein infiltrator der khasarischen mafia	OFFENSE	INSULT	EXPLICIT	EXPLICIT
668	 @ heikomaas  @ kindernothilfe deswegen unterst√ºtzen sie auch kinderehen ?  !  kotz ! 	OFFENSE	PROFANITY	EXPLICIT	EXPLICIT
775	 # usa hat tats√§chlich einen wahnsinnigen als pr√§sident .   | lbr |  und die welt unterst√ºtzt ihn noch bei kriegstreiberei	OFFENSE	INSULT	EXPLICIT	EXPLICIT
169	 @ dunjahayali also ich finde diese dicke frau gut .  .  . sowas braucht die spd denn mit ihrer hilfe schaffen wir endlich die unter 15 %  h√ºrde .  .  .   | lbr |  üòÉüòÉ	OFFENSE	ABUSE	EXPLICIT	EXPLICIT
497	 @ chrisjuko die quotenmusel in der sharia partei d .  f√ºr was das auch immer steht der blonde ist aber auch nicht ganz hell auf der platte	OFFENSE	ABUSE	EXPLICIT	IMPLICIT
1028	 @ der _ eisenhans  @ focusonline soweit mir bekannt ist das wort muschi ein kosenahme f√ºr eine katze die es auch geschlechts spezifisch gibt .  als schwanz oder schweif bezeichnet man das end st√ºck eines pferdes oder hund .  beides nicht ursprung der fortpflanzung .  ich hoffe ich konnte helfen .   :  -  ) 	OFFENSE	PROFANITY	EXPLICIT	IMPLICIT
303	" @ ralfysen  @ berghueserfritz  @ vonschwer das ist auch mein eindruck ,  wenn ich die vielen jungen  "" m√§nnergruppen ""  so ansehe .  sind haupts√§chlich wegen shoppen ,  party und frauen gekommen .  .  . "	OFFENSE	ABUSE	IMPLICIT	IMPLICIT
980	 @ dimgiulia1  @ freivonreue unsere neuen mitb√ºrger .  .  . üòÉüòÉund die die glauben das diese rasse unsere rentenkassen f√ºllen ,  die wurden auch gew√§hlt .  .  ?  ? 	OFFENSE	ABUSE	IMPLICIT	EXPLICIT
1684	diese kommunistenbraut will deutschland vernichten . 	OFFENSE	INSULT	EXPLICIT	EXPLICIT
958	 @ ravensdownfall  @ welt alles betrug gesteuert von merkel !  !  ! 	OFFENSE	ABUSE	EXPLICIT	EXPLICIT
115	 @ welt gabriel hat sich gemeldet weil er auch mal was sagen wollte !  !  diese witzfigur nimmt doch keiner erst ,  weltweit nicht !  ! 	OFFENSE	INSULT	EXPLICIT	EXPLICIT
1729	 @ yxyzyxy ich kaufe nichts beim asiaten oder t√ºrken . 	OFFENSE	ABUSE	IMPLICIT	IMPLICIT
1582	zdf - kika pr√§sentiert :  ‚Äû leben wie zu zeiten des propheten ,  teil 1 :  60 - j√§hriger syrer stellt seine siebenj√§hrige ehefrau vor .  ‚Äú  die gr√ºn - muslimische p√§dophilie - achse lebt . 	OFFENSE	ABUSE	EXPLICIT	IMPLICIT
867	 @ gerdlorsch  @ cediwelli der affe macht einen echt gebildeten eindruck  ! 	OFFENSE	INSULT	EXPLICIT	EXPLICIT
1540	 @ greenclaudia also sie sollten sich wirklich mal einer psychologischen untersuchung unterziehen !  !  !  !  und die k√ºnast auch	OFFENSE	INSULT	EXPLICIT	EXPLICIT
413	immer hasskick wenn ich merkel und claudia roth seh	OFFENSE	ABUSE	EXPLICIT	EXPLICIT
1470	 @ rspctfl  @ innenwelttramp  @ ergroovt  @ houelle _ beck  @ thomasmichael71  @ ksemann2  @ drkassandrapari du setzt dir freiwillig das symbol einer religi√∂sen ideologie auf den kopf .  ein name ist nicht freiwillig . 	OFFENSE	ABUSE	IMPLICIT	IMPLICIT
494	heilige f√§kalien ,  da l√§uft gerade anne will ( sch√∂n sein )  auf 3sat ! keine ahnung ob wiederholung oder so , iss auch egal  !  nur so einen haufen gemeinschmutziger dummheit hab ich selten gesehen  !  spiegelt voll den zustand deutschlands  !  b√∂ser trump ,  super muslime  ! 	OFFENSE	ABUSE	EXPLICIT	EXPLICIT
704	ist noch jemanden aufgefallen ,  das bei diesem ard abklatschsender ph√∂nix ,  die ddr und deren sed - f√ºhrer immer mehr als supertolles system hingestellt werden  ?  ?  ?  schreiben die mauerm√∂rder nun die geschichte um  ?  ?  merkel und schulz m√º√üen politisch beseitigt werden ! 	OFFENSE	ABUSE	EXPLICIT	EXPLICIT
1240	und in hessen ? die verr√§ter der spd , die kommunisten der gr√ºnen und die linke f√ºhren gespr√§che  . aha ! 	OFFENSE	ABUSE	EXPLICIT	EXPLICIT
829	 @ hannes _ moser  @ frankyfkp  @ miriamozen  @ aranxo religi√∂se oder kulturelle beschneidung , die arten von genitalmassaker geh√∂ren verboten !  nur aus medizinischen gr√ºnden und nur vom arzt !  punkt	OFFENSE	ABUSE	EXPLICIT	EXPLICIT
1192	 @ timon _ gremmels ein wirklicher eklat ist ,  dass sich das ach so soziale pack der spd im ausw√§rtigen amt menschenverachtend verh√§lt und willk√ºrlich handelt ! 	OFFENSE	INSULT	EXPLICIT	EXPLICIT
262	 @ 66freedom66 merkels vasallen diel√ºgenpresse und medien werden das wohl nicht senden d√ºrfen !  !  aber daf√ºr wir um so mehr !  !  !   | lbr |  teilen !  !  ! 	OFFENSE	ABUSE	EXPLICIT	EXPLICIT
1555	 @ npdwittenberg  | lbr |  hoffentlich werden es nicht noch mehr asylanten .  stoppt die asylantenflucht kann es nur hei√üen . 	OFFENSE	ABUSE	EXPLICIT	IMPLICIT
764	 # tuberkulose wurde vermehrt von  # fl√ºchtlingen in deutschland eingeschleppt .   | lbr |  nicht nur dass sie von unser geld leben ,  nein jetzt bringen sie auch noch seuchen mit ins land .  dank inkompetenter politiker offener grenzen ,  bahnhofsklatscher und toleranz fanatiker . 	OFFENSE	ABUSE	EXPLICIT	EXPLICIT
157	 @ ronaldlaessig  @ artepmobil  @ fernseh _ heini wer das glaubt ,  mit respekt ,  der hat das gehirn einer stubenfliege . 	OFFENSE	ABUSE	EXPLICIT	IMPLICIT
372	"an merkel ,  gauck ,  flintenuschi  & amp ;  co :   "" wer krieg predigt ,  ist des teufels feldprediger ""   ( altes deutsches sprichwort )  üòú"	OFFENSE	INSULT	EXPLICIT	EXPLICIT
1035	 @ patriarchator  @ heinrich _ krug alles richtig dargestellt .  .  . um das zu verstehen musst du keine hetzer oder rassist sein .  .  .   | lbr |  unsere wut und ablehnung hat einen anderen ursprung .  .  .   | lbr |  die gr√∂√üten hetzer und rassisten sind moslems gegen√ºber christen .  .  . 	OFFENSE	ABUSE	EXPLICIT	EXPLICIT
269	 @ focusonline zf erdowahn und seine koran und sharia treue gemeinde sind die schlimmsten rassisten .  wir haben dem islam heute den krieg erkl√§rt .  wir haben diese spinner 800jahre gewarnt .  jetzt ist schluss mit lustig .   +  +  deus vult  +  +  + 	OFFENSE	ABUSE	EXPLICIT	EXPLICIT
72	 @ iammascho bis auf den holocaust und den krieg wahr er eigentlich ein solider kanzler	OFFENSE	ABUSE	EXPLICIT	EXPLICIT
1333	 @ scottiracer  @ stapelchipsyt  @ sternenrot aber bitte jetzt nicht auch noch ne opfernummer von m√§nnlicher seite . 	OFFENSE	ABUSE	EXPLICIT	IMPLICIT
1383	es wird zeit , den pfaffen zu zeigen , wer sie sind !  ein verein der gescheiterten und weltfremden ! 	OFFENSE	ABUSE	EXPLICIT	EXPLICIT
1021	 @ dorabromberger  @ giki56534206 was f√ºr ein erb√§rmlicher feigling diese type  .  .  . alleine deswegen sollte man ihn verjagen .  aber eigentlich befindet er sich hier in einem elit√§ren kreis der gleichgesinnten deutschen .  .  .  ! 	OFFENSE	INSULT	EXPLICIT	EXPLICIT
284	 @ ronaiveromaus ich schlie√üe mich gauland an .  .  .  . irgendwo in anatolien entsorgen .  .  .  !  ! 	OFFENSE	ABUSE	EXPLICIT	EXPLICIT
1313	 # lindner steckt heute abend schon seinen kopf in den arsch von  # merkel widerlich  # fdp	OFFENSE	INSULT	EXPLICIT	EXPLICIT
1058	 @ krippmarie leute ihr werdet sehen und denkt an mich .  .  . die alte erkrankt an demenz und wird sich an nichts mehr erinnern k√∂nnen .  .  .  !  ! 	OFFENSE	INSULT	EXPLICIT	EXPLICIT
1164	logik 2017 :   | lbr |  es gibt dreiundzw√∂lfzig geschlechter und der islam ist ne ethnie . 	OFFENSE	ABUSE	IMPLICIT	IMPLICIT
1312	 @ martinarenner  @ linksfraktion ich gedenke der opfer der sogenannten  ' fl√ºchtlinge ' 	OFFENSE	ABUSE	IMPLICIT	EXPLICIT
1865	 @ ralf _ stegner ein sozi war schon immer ein verbrecher am deutschen volk ! 	OFFENSE	ABUSE	EXPLICIT	EXPLICIT
1179	 @ bosegundolf  @ knooshoodknorke  @ heribertprantl du wirst heute schon ausgelacht ! 	OFFENSE	INSULT	EXPLICIT	EXPLICIT
186	wer w√§hlt denn noch spd mit diesem schulischen versager  | lbr |  martin schulz .  2 x sitzengeblieben .  der taugt doch nichts . 	OFFENSE	INSULT	EXPLICIT	EXPLICIT
1182	die zersetzung , die vernichtung der kultur , der abschaum , hat immer nur einen ursprung ! 	OFFENSE	ABUSE	EXPLICIT	EXPLICIT
603	 @ fiedler _ irene beuteland germonney .   der koran preist es in schmachtvollen hymnen .  .  . 	OFFENSE	ABUSE	IMPLICIT	EXPLICIT
130	 @ china _ welt _ news unterkunft ,  normales essen und trinken !  schlu√ü !  sie sind keine sozialtouristen auf unsere kosten ! 	OFFENSE	ABUSE	IMPLICIT	EXPLICIT
1331	 @ waldenmonk  @ a _ flicklgruber üëçgottes strafe f√ºr die schwulenlobby ,  folgt hoffentlich bald ? 	OFFENSE	ABUSE	EXPLICIT	IMPLICIT
1847	 @ rspctfl  @ thomasmichael71  @ innenwelttramp  @ ergroovt  @ houelle _ beck  @ ksemann2  @ drkassandrapari ich wei√ü .  du stellst deinen aberglauben √ºber jedweden anstand . 	OFFENSE	ABUSE	EXPLICIT	EXPLICIT
1491	 @ buettnersdl  @ zarah _ zylinder sie ist nur eine versoffene opportunistin	OFFENSE	INSULT	EXPLICIT	EXPLICIT
1394	die  # gr√ºnen werden sich verkaufen und danach gottseidank dadurch untergehen	OFFENSE	INSULT	EXPLICIT	EXPLICIT
1359	bei einer direktwahl h√§tte claudi roth nichtmal 1 %  .  keiner will sie haben .   # lanz  # maischberger	OFFENSE	INSULT	EXPLICIT	EXPLICIT
1430	 @ nasanasal du afgahnischer hy√§nen sohn  !  !  !  ! dich sollen sie mal richtig einreiten  !  !  ! 	OFFENSE	ABUSE	EXPLICIT	EXPLICIT
876	f√ºr mich kann ich nur feststellen ,  d .  vorhand .  politikerm√ºll ist weit gef√§hrlicher als atomm√ºll  & gt ;  strahlende gesichter in aussicht d .  machtüòú	OFFENSE	ABUSE	EXPLICIT	EXPLICIT
630	ich bin wirklich entsetzt wie viel idioten immer noch zu merkel und co .  stehen . 	OFFENSE	ABUSE	EXPLICIT	EXPLICIT
733	 @ nsu _ leaks das video ist gesperrt  -  aus urheberrechtlichen gr√ºnden  -  durch die l√ºgenpresse . 	OFFENSE	ABUSE	EXPLICIT	EXPLICIT
1173	das h√§tte ich der  # fdp nicht zugetraut alle achtung !  nur die  # gr√ºnen kriechen allen in den arsch	OFFENSE	INSULT	EXPLICIT	EXPLICIT
1212	chemtrail √∂zdemir √ºbt schon mal b√∂se kucken  # lanz	OFFENSE	INSULT	EXPLICIT	EXPLICIT
831	 @ michaelefler stimmt ,  ich sehe die a . a . s .  auch als widerliche ,  hetzerische ,  populistische .  stiftung ,  der pseudostasi unter maas und kahane bl√ºhen hoffentlich schlechte zeiten  !  ich bin pro kernseife und gegen linksterroristen  ! hehehe	OFFENSE	ABUSE	EXPLICIT	EXPLICIT
183	sollten nicht  # √§rzte und  # facharbeiter kommen ?  gekommen sind  # m√∂rder und  # vergewaltiger .  ist das eure bereicherung ihr  # gutmenschen ? 	OFFENSE	ABUSE	EXPLICIT	EXPLICIT
1143	 @ popphans1 oh mann ,  sorry ,  ich vergass . das recht auf unversehrtheit gilt nur f√ºr neub√ºrger .  .  .  . üòâ	OFFENSE	ABUSE	IMPLICIT	IMPLICIT
1507	schlimm genug dass ich mir wieder mal die moderatorin mit den fettigen haaren und der alten schmoddrigen hose anschauen muss  @ aktuellestunde	OFFENSE	INSULT	EXPLICIT	EXPLICIT
583	 @ sandrasigel  @ anna _ iina die arschl√∂scher der justiz leben in einem eigenen biotop	OFFENSE	INSULT	EXPLICIT	EXPLICIT
692	wann entsorgt deutschland endlich seine volksm√∂rder  ?  ? a . merkel , h . maas , k . g√∂ring e .  , paket gr√ºne , d .  nuhr , c .  ehring , m .  schulz als bevorz . beisp .  ! 	OFFENSE	ABUSE	EXPLICIT	EXPLICIT
640	 @ troll _ putin  @ sjw _ madbunny  @ machtjanix23  @ steffmann45  @ petpanther0  @ mastermikeg  @ norbinator2403  @ ennof _   @ athinamala  @ nancypeggymandy  @ info2099  @ lifetrend  @ thomasgbauer  @ schmiddiemaik  @ charlie _ silve  @ noherrman  @ willjrosenblatt  @ feldenfrizz  @ nasanasal  @  _ macmike  @ ellibisathide  @ md _ franz ich kann jede minute im leben nur einmal nutzen  -  an vollpfosten ,  die nicht einmal interessant sind ,  verschwende ich keine zeit mehr .  f√ºr interessante menschen gebe ich gerne zeit . 	OFFENSE	INSULT	EXPLICIT	EXPLICIT
1151	 @ hartes _ geld  , honecker ‚Äò merkel macht uns zur  , ddr ‚Äò  klagen werden nicht angenommen , zeitungen sind gleichgeschaltet , die linken chaoten haben demonstrationsfreiheit , und die politiker der altparteien haben ihr sch√§fchen im trockenen und gehen in der schorfheide jagen ! 	OFFENSE	ABUSE	EXPLICIT	EXPLICIT
141	"n - tv :   "" murksel ein profi im umgang mit schwierigen partnern ""  üòÇüòÇüòÇ ein profi ,  wie eine mecklenburger kuh die r√ºckenschwimmen lernt ,  meine ichüòú"	OFFENSE	INSULT	EXPLICIT	EXPLICIT
837	 @ dorabromberger  @ afd _ support schickt diese moslem - brut nach hause ! 	OFFENSE	ABUSE	EXPLICIT	EXPLICIT
599	 @ bilbuha _ ir  @ dirkhafermann war auch mein erster gedanke  !  !  verdammte raserohneinnen  ! 	OFFENSE	INSULT	EXPLICIT	EXPLICIT
555	verdammt nochmal ,  ihr italiener .  schlie√üt endlich eure h√§fen f√ºr  | lbr |  shuttleschiffewir brauchen keine illegalen einwanderer . 	OFFENSE	PROFANITY	EXPLICIT	IMPLICIT
194	 @ swobodzinski2  @ thomasoppermann naja ,  dein name sagt schon alles !  dumm und d√ºmmer !  !  ! 	OFFENSE	INSULT	EXPLICIT	EXPLICIT
1384	 @ tiffanyangelx zu anbeissen  , dein geiler arsch üòõ	OFFENSE	PROFANITY	EXPLICIT	EXPLICIT
1740	 @ merkelmussgehen  @ derberliiner  | lbr |  und der nutzen  =  0 deutscher michel arbeitet f√ºr asylantenpack ! 	OFFENSE	ABUSE	EXPLICIT	EXPLICIT
1122	" @ frau _ al3x  @ madameplissee immerhin hat sie ein sch√∂nes bild .  .  .   | lbr |  hach ja ,  das waren zeiten ,  als die linken trolle noch mit  "" argumenten ""  um die ecke kamen .  heute wird nur noch verklagt .  wer nicht f√ºr  # islamisierung ist ,  den w√ºrden sie am liebsten hinter gittern sitzen sehen . "	OFFENSE	INSULT	EXPLICIT	EXPLICIT
744	 @ sawsanchebli fr√§ulein chebli ist nicht besonders beliebt .  .  .  .  . nun sawsan ich wei√ü warum .  .  ! 	OFFENSE	ABUSE	IMPLICIT	EXPLICIT
170	 @ anna _ iina  @ gerd _ st willkommen in 1933 ,  die geschichte wiederholt sich und wieder werden tausende der f√ºhrerin zujubeln !  am ende war es dann keiner !  !  ! 	OFFENSE	ABUSE	IMPLICIT	EXPLICIT
931	 @ bild der ist doch keine 16 .  sieht viel √§lter aus  ,  hat sich viel j√ºnger gemacht um nicht abgeschoben zuwerden  ! 	OFFENSE	ABUSE	EXPLICIT	EXPLICIT
1574	" @ rspctfl  @ everlast _ fs  @ m8flo  @ bolzandrea  @ innenwelttramp  @ lgnimag  @ dasstimmvieh  @ nordicskulled  @ suzimiya  @ waldenmonk  @ thomasmichael71  @ coffee _  _ grind  @ houelle _ beck  @ thesmert  @ chinasky64a  @ martindomig du bringst deinem sohn bei ,  dass eine frau ohne kopftuch nichts weiter ist ,  als eine  "" schlampe ""  .   | lbr |  genauso wie du dich abwertend √ºber bikinis und freiz√ºgigkeit √§u√üerst . "	OFFENSE	ABUSE	EXPLICIT	EXPLICIT
1398	und wieder ein 30 - min√ºtige werbesendung f√ºr liksgr√ºne propaganda  # heuteshow	OFFENSE	ABUSE	EXPLICIT	EXPLICIT
437	 @ rt _ deutsch es sind doch nur h√§√üliche stinkende beduinen - feiglinge die aus sicherer entfernung ,  hinterr√ºcks und hinterh√§ltig wehrlose menschen t√∂ten .   | lbr |  keiner von diesen kreaturen hat es verdient weiterzuleben .  .  !  ! 	OFFENSE	ABUSE	EXPLICIT	EXPLICIT
662	" @ ralfpflug dieses mistst√ºck hat uns soviele milliarden gekostet !  um sie endlich zu  "" entsorgen ""  k√§me es auf ein paar millionen nicht mehr an !  oder ? "	OFFENSE	ABUSE	EXPLICIT	EXPLICIT
265	 @ teilzeitwinkler da findet man all die sch√∂n sachen aus der guten alten zeit	OFFENSE	ABUSE	EXPLICIT	IMPLICIT
991	" @ lexie _ m _   @ krippmarie die gr√ºnen .  .  .  . besser kann man das wort  "" √ºberfl√ºssig ""  nicht umschreiben .  .  .  .   | lbr |  ich w√ºnschte die gr√ºne br√ºhe w√ºrde im boden versickern . "	OFFENSE	ABUSE	EXPLICIT	EXPLICIT
329	behindert wer an genderfluid und so ne schei√üe glaubt	OFFENSE	ABUSE	EXPLICIT	EXPLICIT
1077	 @ maybritillner  @ zdf wenn ich den altmaier sehe kommt mir die wurst . 	OFFENSE	INSULT	EXPLICIT	EXPLICIT
1904	 @ npdwittenberg  | lbr |  volksverr√§terpack die gegen ihr eigens volk hetzen . 	OFFENSE	ABUSE	EXPLICIT	EXPLICIT
503	" # transgender  # model sagt nach s√§mtlichen operationen ,  brust und genitalbereich ,   | lbr |   "" nun bin ich eine richtige frau .  ""   | lbr |  richtige  # frau ?   | lbr |  ohne  # eierst√∂cke und  # geb√§rmutter ?   | lbr |  wie d *  *  *  diese menschen doch sind ! "	OFFENSE	ABUSE	EXPLICIT	EXPLICIT
92	 @ berndfachinsson  @ amygdala712 es gibt genug fakten .  stehen mittlerweile sogar in der bild .  .  .   | lbr |  ich will gewiss keinen krieg .  ich will nur ,  dass frauen und kinder sowie eine heile familie dem volk wichtiger werden als staatlich gef√∂rderter asylbetrug	OFFENSE	ABUSE	IMPLICIT	IMPLICIT
1193	 @ juliakloeckner ist eine k√∂rperverletzung !  sorry diese frau ist einfach dumm ! 	OFFENSE	INSULT	EXPLICIT	EXPLICIT
753	wieso l√§dt  # maischberger nicht das opfer eines asylanten vom wochenende in oberhausen ein ?  ach richtig ,  geht nicht ,  ist ja tot ! 	OFFENSE	ABUSE	IMPLICIT	EXPLICIT
1352	ich glaube  # claudiaroth kann einfach nur peinlich .   # bundestag  # bundestagsvizepraesident	OFFENSE	INSULT	EXPLICIT	EXPLICIT
1600	 @ janjansen96 noch zu wenig  ,  um die jetzigen zu st√ºrzen und selber regieren  | lbr |  npd schafft dies leider nie ! 	OFFENSE	ABUSE	EXPLICIT	EXPLICIT
863	italien will anderen staaten illegal eingereiste aufzwingen anstatt  | lbr |  sie zur√ºckzuschicken .  sie haben kein recht auf asyl ,  verdammt . 	OFFENSE	PROFANITY	EXPLICIT	EXPLICIT
1595	 @ 21 _ century _ girl  | lbr |  so ist es .  m√∂ge der zahnarzt zur h√∂lle fahren ! 	OFFENSE	INSULT	EXPLICIT	EXPLICIT
1102	 @ kokolores20  @ renft1964 so tief sind wir gesunken !  ein merkel - speichellecker mit dem iq einer gewissen fatima roth ,  eine null  ( au√üer im tonnengewicht )  als finanzminister ! 	OFFENSE	INSULT	EXPLICIT	EXPLICIT
1197	warum l√§dt man eine derart strunzdumme frau  # demirkan bei  # maischberger ein  # ard	OFFENSE	INSULT	EXPLICIT	EXPLICIT
146	 @ jutta _ ditfurth im grunde h√§tte dir bosbach eine schallende ohrfeige  | lbr |  geben m√ºssen ,  dass dir der f√§cher davongeflogen w√§re . 	OFFENSE	ABUSE	EXPLICIT	IMPLICIT
1534	meckern √ºber die touristen auf bali dabei ist die sendung  # taff einer der gr√∂√üten schmei√üfliegen  # pro7	OFFENSE	PROFANITY	EXPLICIT	EXPLICIT
860	 @ and _ smartie  @ anna _ iina  @ favoritarata beh√∂rden warten auf mehrere morde ,  von diesem abschaum ! 	OFFENSE	ABUSE	EXPLICIT	EXPLICIT
1724	die  # cdu kann froh sein dass sie die  # alkoholiker  # pfeife  @ martinschulz nicht endlich abs√§gt so sinken sie gott sei dank nur noch tiefer	OFFENSE	INSULT	EXPLICIT	EXPLICIT
1315	 @ holmhw  @ krippmarie  @ donrikus72  | lbr |  genau  .  viel mehr meinungsdiktatur und selbstherrlichkeit der regierung gegen das volk . 	OFFENSE	ABUSE	EXPLICIT	IMPLICIT
935	 @ benweinthal  @ noherrman der islam kann nichts anderes als hassen .  die ganze ideologie ist auf hass ,  unterdr√ºckung ,  mord und totschlag ausgerichtet . 	OFFENSE	ABUSE	EXPLICIT	EXPLICIT
138	in einer nicht  # politicalcorrectness - geistesgest√∂rten welt w√ºrden sie dem  # invasoren -  # abschaum die schei√üe aus dem hirn pr√ºgeln	OFFENSE	ABUSE	EXPLICIT	EXPLICIT
671	 # cnn hat offenbar nur  # linksgest√∂rte ,   # geisteskranke  & amp ;  leute mit schweren psychischen defekten unter vertrag  .  .  . 	OFFENSE	ABUSE	EXPLICIT	EXPLICIT
1912	 @ joehellback  @ thomasmichael71  @ alexa _ jung60  @ tschonka  @ gwen _ ny _   @ dasstimmvieh  @ mohrenpost frag mal deine muslimischen freunde ,  warum sie eine ideologie unterst√ºtzen ,  die von einem p√§dophilen kriegstreiber erfunden wurde . 	OFFENSE	ABUSE	EXPLICIT	EXPLICIT
5	 @ krippmarie ich kenne noch einige namen unter den spdler die ebenfalls zu grabe getragen m√ºssten - sollten - werden .  .  .  . 	OFFENSE	ABUSE	IMPLICIT	IMPLICIT
1875	 @ mariobuchinger  @ tevsa weniger frauen in vorst√§nden ist kein problem .  weniger geld f√ºr weniger arbeit und geringer bezahlte jobs ebenfalls nicht . 	OFFENSE	ABUSE	IMPLICIT	IMPLICIT
986	 @ welt der fettsack soll mal besser den kopf zu machen . 	OFFENSE	INSULT	EXPLICIT	EXPLICIT
783	"heute sagte mir ein freund aus szczecin :   "" deutschland hatte adolf und heute die merkokratie .  ""  ich konnte nur grinsen üòú"	OFFENSE	ABUSE	EXPLICIT	EXPLICIT
368	"√ºbrigens :  schon die  # msm - bezeichnung  "" heimkehrer ""  f√ºr diesen auswurf der menschheit ist eine beleidigung des gesunden menschenverstands ! "	OFFENSE	ABUSE	EXPLICIT	EXPLICIT
